company_name,symbol,issue_price,listing_price,listing_gain_pct,issue_size_cr,subscription_times,qib_subscription,nii_subscription,retail_subscription,issue_type,sector,year,month,nifty_on_listing,market_sentiment,pe_ratio,revenue_cr,profit_cr,debt_equity,promoter_holding_pct,day7_close,day30_close,day90_close
Zomato,ZOMATO,76,115,51.32,9375,38.25,51.79,33.49,7.45,Fresh,Food Tech,2021,7,15856,Bullish,0,1993.8,-816.4,0.12,54.71,125.25,138.5,92.3
Nykaa,FSN,1125,2001,77.87,5352,81.78,91.62,112.18,12.24,OFS+Fresh,Beauty Tech,2021,11,17929,Bullish,0,2440.8,61.9,0.23,52.56,2100.5,1850.3,1420.6
Paytm,PAYTM,2150,1955,-9.07,18300,1.89,2.79,1.76,1.47,Fresh,Fintech,2021,11,17929,Bullish,0,3186.8,-1701.0,0.08,65.34,1560.4,1350.2,920.5
Policy Bazaar,POLICYBZR,980,1150,17.35,5625,16.59,27.93,14.43,3.95,OFS+Fresh,Insurtech,2021,11,17929,Bullish,0,890.2,-239.3,0.04,48.72,1200.3,980.4,820.3
CarTrade,CARTRADE,1618,1600,-1.11,2998,20.29,42.28,18.9,2.6,OFS,Auto Tech,2021,8,16450,Bullish,0,388.7,2.4,0.0,35.21,1450.3,1100.2,890.5
Devyani International,DEVYANI,90,140,55.56,1838,116.71,165.0,162.5,17.7,OFS+Fresh,QSR,2021,8,16450,Bullish,248.3,1699.9,64.2,0.89,55.32,175.3,198.4,165.2
Windlas Biotech,WINDLAS,460,420,-8.7,401,9.76,18.11,10.79,2.38,OFS+Fresh,Pharma,2021,8,16450,Bullish,28.4,512.3,41.2,0.32,54.21,395.2,380.3,360.4
Krsnaa Diagnostics,KRSNAA,954,1025,7.44,1213,64.39,102.05,82.42,12.05,OFS+Fresh,Healthcare,2021,8,16450,Bullish,41.2,388.7,52.3,0.45,56.78,980.4,870.2,780.5
Chemplast Sanmar,CHEMPLAST,541,555,2.59,3850,37.63,72.23,39.93,4.58,OFS+Fresh,Chemicals,2021,8,16450,Bullish,22.1,3012.4,140.2,1.23,55.43,590.3,520.4,480.2
Aptus Value Housing,APTUS,353,353,0.0,2780,5.09,8.77,4.02,1.95,OFS+Fresh,NBFC,2021,8,16450,Bullish,31.2,712.3,189.4,4.21,74.32,375.4,390.2,420.3
Glenmark Life Sciences,GLS,720,770,6.94,1514,44.86,79.82,51.77,5.64,OFS+Fresh,Pharma,2021,8,16450,Bullish,21.3,1842.3,347.2,0.12,82.34,820.3,760.4,680.2
Clean Science,CLEANSC,900,1784,98.22,1546,93.44,178.08,116.44,13.5,OFS,Chemicals,2021,7,15856,Bullish,62.4,498.2,162.3,0.0,75.23,1950.3,1820.4,1650.2
GR Infraprojects,GRINFRA,837,1715,104.9,963,102.58,189.34,155.54,10.16,OFS,Infrastructure,2021,7,15856,Bullish,14.2,7231.4,598.3,0.56,72.45,1890.4,1750.3,1520.2
Tatva Chintan Pharma,TATCHEML,1083,2112,95.01,500,180.35,215.25,395.46,16.73,OFS+Fresh,Chemicals,2021,7,15856,Bullish,38.4,312.4,54.2,0.0,73.56,2250.3,1980.4,1750.2
Rolex Rings,ROLEXRINGS,900,1500,66.67,731,130.44,168.89,354.37,18.87,OFS+Fresh,Auto Components,2021,7,15856,Bullish,24.3,812.4,101.2,0.34,72.34,1620.4,1480.3,1320.2
Laxmi Organics,LXCHEM,130,156,20.0,600,106.81,131.7,171.17,27.21,OFS+Fresh,Chemicals,2021,3,14938,Neutral,22.4,1012.3,68.2,0.23,54.32,192.3,210.4,185.2
MTAR Technologies,MTARTECH,575,1063,84.87,596,200.79,275.71,450.83,19.46,OFS+Fresh,Aerospace,2021,3,14938,Neutral,68.4,287.3,39.2,0.12,72.45,1150.3,980.4,880.2
Nureca,NURECA,400,633,58.25,100,397.0,412.77,861.0,67.58,Fresh,Healthcare,2021,2,14981,Neutral,56.3,142.3,28.4,0.0,68.23,720.4,580.3,420.2
Indigo Paints,INDIGOPNTS,1490,2608,75.03,1170,117.0,163.76,249.63,20.49,OFS+Fresh,Paints,2021,1,14645,Neutral,92.3,812.4,78.2,0.08,55.34,2750.4,2380.3,2120.2
Stove Kraft,STOVEKRAFT,385,467,21.3,413,13.04,16.98,14.67,7.23,OFS+Fresh,Consumer Goods,2021,1,14645,Neutral,38.4,812.4,32.1,0.34,52.32,510.4,480.3,420.2
Burger King India,BURGERKING,60,112,86.67,810,156.65,211.36,288.21,22.71,OFS+Fresh,QSR,2020,12,13982,Neutral,0,620.3,-122.4,1.23,55.43,148.3,162.4,182.3
Mrs Bectors Food,BECTORFOOD,288,501,73.96,540,198.01,264.55,434.31,27.29,OFS+Fresh,FMCG,2020,12,13982,Neutral,62.3,862.4,78.2,0.12,49.34,548.3,520.4,480.2
Antony Waste,ANTWASTE,315,358,13.65,300,29.89,61.38,27.94,5.39,OFS+Fresh,Waste Management,2020,12,13982,Neutral,12.4,612.3,32.1,0.56,73.45,382.4,360.3,340.2
Equitas Small Finance,EQUITASBNK,33,33,0.0,518,1.98,2.95,1.74,1.57,OFS+Fresh,Banking,2020,10,11767,Bearish,18.3,1412.3,121.4,5.67,73.23,34.2,37.4,42.3
Angel Broking,ANGELONE,306,275,-10.13,600,3.96,5.14,4.27,2.18,OFS+Fresh,Broking,2020,10,11767,Bearish,14.2,1212.3,98.4,0.34,56.78,290.3,342.4,892.3
Chemcon Specialty,CHEMCON,340,731,114.97,318,149.29,236.43,269.57,19.24,OFS+Fresh,Chemicals,2020,10,11767,Bearish,32.4,212.3,48.2,0.12,73.45,820.4,680.3,520.2
Computer Age Mgmt,CAMS,1230,1518,23.41,2244,46.99,86.8,52.07,5.78,OFS,Fintech,2020,9,11133,Bearish,38.4,642.3,134.2,0.0,63.34,1648.4,1820.3,2120.2
Happiest Minds,HAPPSTMNDS,166,351,111.45,702,150.98,238.36,351.01,15.5,OFS+Fresh,IT,2020,9,11133,Bearish,52.3,412.3,71.2,0.0,53.45,420.4,512.3,682.4
Route Mobile,ROUTE,350,708,102.29,600,73.94,116.02,122.93,10.45,OFS+Fresh,Tech,2020,9,11133,Bearish,42.4,812.3,89.2,0.12,56.78,812.4,920.3,1120.2
Rossari Biotech,ROSSARI,425,670,57.65,496,79.37,130.8,147.42,8.85,OFS+Fresh,Chemicals,2020,7,10763,Bearish,28.4,512.3,41.2,0.23,60.45,720.3,680.4,580.2
SBI Cards,SBICARD,755,658,-12.85,10341,26.54,57.44,24.42,2.56,OFS+Fresh,Fintech,2020,3,8083,Bearish,54.3,5012.3,890.2,5.78,69.34,680.4,720.3,890.2
UTI AMC,UTIAMC,554,500,-9.75,2160,2.35,3.74,1.87,1.36,OFS,AMC,2020,10,11767,Bearish,38.4,1012.3,278.4,0.0,38.23,512.4,548.3,580.2
Likhitha Infrastructure,LIKHITHA,120,198,65.0,61,79.0,107.29,169.89,19.53,Fresh,Infrastructure,2020,10,11767,Bearish,18.4,382.3,48.2,0.34,73.45,215.3,185.4,162.2
Mazagon Dock,MAZDOCK,145,145,0.0,444,157.41,211.74,310.94,19.22,OFS+Fresh,Defence,2020,10,11767,Bearish,8.4,3812.3,248.2,0.0,85.45,165.3,198.4,320.2
IRCTC,IRCTC,320,644,101.25,645,112.44,109.37,352.34,14.24,OFS+Fresh,Travel Tech,2019,10,11588,Neutral,56.3,1812.3,320.4,0.12,87.23,820.4,1250.3,1680.2
Polycab India,POLYCAB,538,633,17.66,1346,52.59,111.62,56.79,5.07,OFS+Fresh,Electricals,2019,4,11787,Neutral,28.4,6812.3,512.3,0.23,67.34,750.4,820.3,980.2
Metropolis Healthcare,METROPOLIS,880,960,9.09,1204,26.16,59.36,22.12,3.1,OFS+Fresh,Healthcare,2019,4,11787,Neutral,42.3,912.3,121.4,0.12,51.45,1120.4,1080.3,1150.2
Neogen Chemicals,NEOGEN,215,215,0.0,132,96.32,226.17,107.31,9.14,Fresh,Chemicals,2019,4,11787,Neutral,38.4,232.3,21.2,0.34,57.78,240.3,262.4,295.2
Rail Vikas Nigam,RVNL,19,19,0.0,481,1.47,1.71,1.39,1.24,OFS+Fresh,Infrastructure,2019,4,11787,Neutral,12.4,4812.3,412.3,0.56,72.45,18.4,22.3,35.2
Affle India,AFFLE,745,929,24.7,459,86.49,129.38,104.64,18.63,OFS+Fresh,Ad Tech,2019,8,11108,Neutral,82.3,312.3,48.2,0.0,58.34,1120.4,1380.3,1650.2
Spandana Sphoorty,SPANDANA,856,820,-4.21,1200,2.89,3.56,2.73,2.12,OFS+Fresh,Microfinance,2019,8,11108,Neutral,22.4,1512.3,289.2,3.45,67.78,780.4,720.3,650.2
Sterling & Wilson,SWSOLAR,780,706,-9.49,2850,0.54,0.45,0.48,0.66,OFS,Solar EPC,2019,8,11108,Neutral,18.4,5812.3,212.3,1.23,74.34,620.3,480.4,380.2
Indiamart Intermesh,INDIAMART,973,1180,21.27,476,36.27,45.12,36.05,14.25,OFS+Fresh,B2B Tech,2019,7,11811,Neutral,112.3,512.3,89.2,0.0,52.45,1480.4,1850.3,2120.2
Neogen Chemicals,NEOGEN,215,215,0.0,132,96.32,226.17,107.31,9.14,Fresh,Chemicals,2019,4,11787,Neutral,38.4,232.3,21.2,0.34,57.78,240.3,262.4,295.2
Bandhan Bank,BANDHANBNK,375,499,33.07,4473,14.62,28.26,10.55,5.19,OFS+Fresh,Banking,2018,3,10114,Neutral,28.4,3812.3,1112.3,7.34,82.34,580.3,620.4,680.2
ICICI Securities,ISEC,520,431,-17.12,3520,0.79,0.59,0.65,1.13,OFS,Broking,2018,3,10114,Neutral,12.4,2012.3,678.2,0.12,79.45,398.4,410.3,450.2
Hindustan Aeronautics,HAL,1215,1169,-3.79,4229,99.78,179.03,123.42,3.04,OFS,Defence,2018,3,10114,Neutral,16.4,15812.3,2112.3,0.0,89.78,1080.4,1150.3,1350.2
Lemon Tree Hotels,LTTS,56,61,8.93,1038,1.48,1.43,1.36,1.63,OFS+Fresh,Hospitality,2018,3,10114,Neutral,0,842.3,-52.3,3.45,26.34,66.3,72.4,68.2
Mishra Dhatu Nigam,MIDHANI,90,87,-3.33,439,60.25,85.87,55.29,26.21,OFS+Fresh,Defence,2018,3,10114,Neutral,22.4,812.3,89.2,0.12,77.45,95.3,102.4,115.2
Sandhar Technologies,SANDHAR,332,348,4.82,212,1.13,0.87,0.82,1.67,OFS+Fresh,Auto Components,2018,3,10114,Neutral,14.2,1812.3,78.2,0.45,52.34,320.4,298.3,275.2
Bharat Dynamics,BDL,428,395,-7.71,961,69.41,141.07,67.35,8.7,OFS,Defence,2018,3,10114,Neutral,18.4,1812.3,278.4,0.0,87.34,420.4,450.3,520.2
Rites Ltd,RITES,185,185,0.0,460,66.93,101.22,64.67,26.75,OFS+Fresh,Infrastructure,2018,6,10714,Neutral,14.2,1612.3,312.4,0.0,72.45,202.3,225.4,268.2
Garden Reach Shipbuilders,GRSE,118,181,53.39,343,128.11,194.25,177.97,26.48,OFS+Fresh,Defence,2018,10,10386,Neutral,12.4,2412.3,212.4,0.12,74.34,195.3,212.4,248.2
IRCON International,IRCON,475,412,-13.26,467,2.49,2.17,2.34,3.02,OFS+Fresh,Infrastructure,2018,9,11287,Neutral,8.4,5812.3,412.3,0.23,72.45,385.4,368.3,345.2
Apollo Micro Systems,APOLLOMICR,275,565,105.45,156,248.51,410.5,535.73,22.54,Fresh,Defence,2018,1,10558,Neutral,52.3,212.3,32.1,0.12,73.45,620.4,520.3,420.2
Amber Enterprises,AMBER,859,1180,37.37,600,27.99,42.05,35.81,10.28,OFS+Fresh,Electronics,2018,1,10558,Neutral,28.4,2012.3,68.2,0.56,53.34,1380.4,1520.3,1680.2
Astron Paper,ASTRON,45,44,-2.22,35,27.0,38.11,29.56,9.19,Fresh,Paper,2018,1,10558,Neutral,14.2,212.3,18.4,0.34,56.78,42.3,45.4,48.2
Aster DM Healthcare,ASTERDM,190,183,-3.68,980,1.32,1.14,1.23,1.58,OFS+Fresh,Healthcare,2018,2,10793,Neutral,18.4,5812.3,89.2,1.23,41.34,175.3,180.4,192.2
Newgen Software,NEWGEN,245,258,5.31,422,9.33,9.82,8.85,9.47,OFS+Fresh,IT,2018,1,10558,Neutral,32.4,512.3,78.2,0.12,57.45,280.3,295.4,320.2
Salasar Techno Engineering,SALASAR,108,263,143.52,36,273.0,312.54,458.95,71.58,Fresh,Infrastructure,2017,7,9886,Bullish,18.4,382.3,28.2,0.23,60.45,295.3,248.4,185.2
Avenue Supermarts,DMART,299,604,101.99,1870,104.5,200.0,186.76,7.2,Fresh,Retail,2017,3,8945,Neutral,78.4,10812.3,682.3,0.12,74.98,720.4,820.3,1080.2
BSE Ltd,BSE,806,1085,34.62,1241,51.11,68.91,40.73,38.34,OFS+Fresh,Exchange,2017,2,8880,Neutral,38.4,512.3,198.4,0.0,52.34,1180.4,1250.3,1380.2
Shankara Building Products,SHANKARA,460,600,30.43,344,61.0,77.95,57.88,34.18,OFS+Fresh,Building Materials,2017,3,8945,Neutral,14.2,3012.3,68.2,0.34,42.45,648.4,680.3,620.2
S Chand,SCHAND,670,680,1.49,730,11.37,17.09,8.55,5.77,OFS+Fresh,Education,2017,5,9520,Bullish,22.4,812.3,48.2,0.56,61.34,620.3,580.4,520.2
Eris Lifesciences,ERIS,603,680,12.77,1741,3.21,3.95,2.78,2.67,OFS+Fresh,Pharma,2017,6,9520,Bullish,28.4,812.3,189.2,0.12,72.45,730.3,780.4,820.2
CDSL,CDSL,149,244,63.76,524,170.94,377.61,183.27,16.88,OFS+Fresh,Financial Services,2017,6,9520,Bullish,42.3,312.3,98.4,0.0,68.34,282.3,320.4,380.2
Dixon Technologies,DIXON,1766,2725,54.28,600,118.84,195.12,180.64,18.35,OFS+Fresh,Electronics,2017,9,9788,Bullish,18.4,2812.3,78.2,0.34,33.45,3120.4,3580.3,4280.2
Cochin Shipyard,COCHINSHIP,432,560,29.63,1468,76.25,152.68,88.12,19.17,OFS+Fresh,Shipbuilding,2017,8,9710,Bullish,12.4,2312.3,278.4,0.12,72.45,620.3,680.4,750.2
Security and Intelligence,SIS,815,841,3.19,779,3.39,4.03,2.82,3.33,OFS+Fresh,Security,2017,8,9710,Bullish,22.4,5012.3,189.2,0.56,68.34,810.3,780.4,750.2
Matrimony.com,MATRIMONY,985,985,0.0,500,4.42,6.77,3.68,3.14,OFS+Fresh,Internet,2017,9,9788,Bullish,38.4,312.3,28.4,0.12,44.45,920.4,880.3,820.2
Capacite Infraprojects,CAPACITE,250,268,7.2,400,183.15,389.23,279.65,24.71,Fresh,Infrastructure,2017,9,9788,Bullish,14.2,1012.3,68.2,0.45,45.34,285.3,268.4,248.2
MAS Financial Services,MASFIN,459,492,7.19,233,129.69,229.41,121.62,31.49,OFS+Fresh,NBFC,2017,10,9788,Bullish,28.4,512.3,98.2,4.23,52.34,520.3,548.4,580.2
Mahindra Logistics,MAHLOG,429,480,11.89,829,0.34,0.19,0.2,0.64,OFS,Logistics,2017,11,10226,Bullish,12.4,3212.3,78.2,0.23,58.45,450.4,420.3,398.2
Khadim India,KHADIM,750,738,-1.6,543,2.17,2.12,1.98,2.37,OFS+Fresh,Footwear,2017,11,10226,Bullish,22.4,812.3,38.4,0.34,56.34,698.4,650.3,595.2
Sbi Life Insurance,SBILIFE,700,733,4.71,8400,3.58,6.13,2.92,1.67,OFS,Insurance,2017,10,9788,Bullish,42.3,18012.3,1098.4,0.0,62.34,780.3,820.4,920.2
ICICI Lombard,ICICIGI,661,651,-1.51,5701,2.78,4.34,2.12,1.47,OFS,Insurance,2017,9,9788,Bullish,32.4,8812.3,978.4,0.0,54.45,680.3,720.4,820.2
Prataap Snacks,DIAMONDYD,938,1270,35.39,482,52.53,84.89,65.88,13.19,OFS+Fresh,FMCG,2017,9,9788,Bullish,38.4,1012.3,38.4,0.12,51.34,1350.3,1280.4,1180.2
TeamLease Services,TEAMLEASE,850,925,8.82,425,29.38,50.52,19.58,13.42,OFS+Fresh,Staffing,2016,2,7086,Bearish,52.3,1812.3,48.2,0.0,49.34,1020.4,1080.3,1150.2
Quess Corp,QUESS,317,411,29.65,400,12.21,14.81,15.96,8.01,OFS+Fresh,Staffing,2016,7,8391,Neutral,28.4,3812.3,89.2,0.34,52.45,520.4,620.3,820.2
Advanced Enzyme,ADVENZYMES,896,917,2.34,412,80.29,109.54,128.98,19.07,OFS+Fresh,Biotech,2016,7,8391,Neutral,38.4,412.3,98.4,0.12,61.34,975.3,1020.4,1080.2
L&T Technology Services,LTTS,860,895,4.07,894,7.36,7.98,7.14,6.55,OFS,IT,2016,9,8580,Neutral,22.4,3512.3,389.2,0.0,84.45,1020.4,1150.3,1380.2
Mahanagar Gas,MGL,421,540,28.27,1040,59.29,103.28,81.95,11.61,OFS,Utilities,2016,6,7714,Neutral,16.4,2012.3,298.4,0.0,54.34,620.3,680.4,750.2
Thyrocare Technologies,THYROCARE,446,690,54.71,480,73.63,131.46,80.28,11.76,OFS+Fresh,Healthcare,2016,5,7714,Neutral,52.3,312.3,78.4,0.12,64.45,780.3,820.4,880.2
Ujjivan Financial,UJJIVAN,210,233,10.95,882,40.86,72.43,36.47,10.54,OFS+Fresh,Microfinance,2016,5,7714,Neutral,18.4,1012.3,148.2,4.56,75.34,248.4,262.3,278.2
Equitas Holdings,EQUITAS,110,122,10.91,2176,17.05,33.72,13.23,5.5,OFS+Fresh,Microfinance,2016,4,7714,Neutral,22.4,1812.3,189.2,5.23,75.45,128.3,135.4,142.2
Parag Milk Foods,PARAGMILK,227,220,-3.08,759,1.46,1.23,1.41,1.71,OFS+Fresh,FMCG,2016,5,7714,Neutral,28.4,1812.3,78.2,0.45,46.34,205.3,198.4,185.2
Quick Heal Technologies,QUICKHEAL,321,311,-3.12,451,1.16,0.87,0.91,1.58,OFS+Fresh,Cybersecurity,2016,2,7086,Bearish,22.4,212.3,54.2,0.0,56.34,290.3,278.4,258.2
Dilip Buildcon,DBL,219,294,34.25,654,18.94,21.62,20.21,16.44,OFS+Fresh,Infrastructure,2016,8,8391,Neutral,12.4,4012.3,289.2,0.67,65.34,380.3,420.4,498.2
Endurance Technologies,ENDURANCE,472,605,28.18,1162,17.14,25.42,16.78,8.78,OFS+Fresh,Auto Components,2016,10,8580,Neutral,22.4,5012.3,312.4,0.34,70.45,680.4,720.3,780.2
Varun Beverages,VBL,445,449,0.9,1100,2.58,3.45,2.21,2.03,OFS+Fresh,Beverages,2016,11,8580,Neutral,28.4,3812.3,189.2,0.89,54.34,498.4,540.3,620.2
PNB Housing Finance,PNBHOUSING,775,860,10.97,3000,29.5,59.67,25.23,5.76,OFS+Fresh,Housing Finance,2016,11,8580,Neutral,18.4,7812.3,598.2,8.23,47.34,940.4,1020.3,1150.2
Narayana Hrudayalaya,NH,250,275,10.0,613,3.54,3.94,2.77,4.04,OFS+Fresh,Healthcare,2016,1,7563,Bearish,0,2512.3,78.2,0.56,63.34,298.3,320.4,348.2
Alkem Laboratories,ALKEM,1050,1512,44.0,1350,8.05,13.48,5.61,5.63,OFS+Fresh,Pharma,2015,12,7946,Bearish,28.4,5812.3,598.4,0.12,67.45,1680.4,1820.3,2020.2
Dr Lal PathLabs,LALPATHLAB,550,730,32.73,638,33.51,62.52,28.65,6.88,OFS+Fresh,Healthcare,2015,12,7946,Bearish,42.3,812.3,121.4,0.0,56.34,820.4,880.3,980.2
S H Kelkar,SHK,180,210,16.67,900,27.22,42.48,33.42,11.09,OFS+Fresh,Fragrances,2015,11,7946,Bearish,28.4,812.3,98.2,0.12,70.45,220.3,235.4,248.2
Interglobe Aviation,INDIGO,765,872,13.99,3018,2.93,4.05,2.47,2.46,OFS+Fresh,Aviation,2015,11,7946,Bearish,18.4,13012.3,1512.3,1.23,76.34,920.4,1050.3,1380.2
Coffee Day Enterprises,COFFEEDAY,328,318,-3.05,1150,0.24,0.12,0.15,0.39,OFS+Fresh,F&B,2015,11,7946,Bearish,0,1812.3,-89.2,2.34,54.34,298.3,248.4,185.2
Syngene International,SYNGENE,250,305,22.0,551,18.48,24.49,20.64,10.35,OFS+Fresh,CRO,2015,7,8433,Neutral,38.4,812.3,148.2,0.12,72.45,358.3,380.4,420.2
UFO Moviez,UFOMOVZ,625,624,-0.16,600,4.49,6.06,3.87,4.06,OFS+Fresh,Media Tech,2015,5,8433,Neutral,22.4,412.3,48.2,0.56,54.34,598.3,548.4,498.2
Manpasand Beverages,MANPASAND,320,330,3.13,400,2.45,2.15,2.03,3.04,Fresh,Beverages,2015,6,8433,Neutral,18.4,312.3,28.4,0.34,68.45,348.3,368.4,385.2
Navkar Corporation,NAVKARCORP,155,186,20.0,600,2.5,2.4,2.23,2.87,OFS+Fresh,Logistics,2015,8,8433,Neutral,12.4,212.3,38.2,0.78,54.34,195.3,182.4,165.2
Shree Pushkar Chemicals,SHREEPUSHK,65,97,49.23,70,51.86,72.47,60.52,26.69,Fresh,Chemicals,2015,9,8170,Neutral,18.4,212.3,18.4,0.23,62.45,108.3,115.4,125.2
Sadbhav Infrastructure,SADBHIN,103,96,-6.8,585,0.63,0.36,0.38,1.14,Fresh,Infrastructure,2015,9,8170,Neutral,0,812.3,-48.2,1.56,45.34,88.3,78.4,65.2
Prabhat Dairy,PRABHAT,115,107,-6.96,520,0.65,0.43,0.5,0.9,Fresh,FMCG,2015,8,8433,Neutral,14.2,712.3,18.4,0.67,44.45,98.3,92.4,85.2
VRL Logistics,VRLLOG,205,280,36.59,470,73.53,139.38,70.03,20.22,OFS+Fresh,Logistics,2015,4,8597,Neutral,18.4,1612.3,78.2,0.34,55.34,312.3,298.4,278.2
MEP Infrastructure,MEP,63,62,-1.59,324,1.07,0.77,0.83,1.56,Fresh,Infrastructure,2015,4,8597,Neutral,0,1212.3,-28.4,1.23,42.34,58.3,52.4,45.2
PVR Ltd Rights Issue Ref,PVRL,700,720,2.86,300,2.85,3.24,2.68,2.7,Fresh,Media,2015,3,8597,Neutral,38.4,1612.3,128.4,0.89,21.34,750.3,780.4,820.2
Adlabs Entertainment,ADLABS,168,175,4.17,438,0.43,0.27,0.31,0.6,Fresh,Entertainment,2015,3,8597,Neutral,0,212.3,-28.2,1.34,36.45,158.3,142.4,118.2
Inox Wind,INOXWIND,325,369,13.54,900,11.64,16.88,11.35,7.16,Fresh,Renewable Energy,2015,3,8597,Neutral,18.4,1812.3,189.2,0.56,58.34,385.3,362.4,320.2
Ortel Communications,ORTEL,181,172,-4.97,142,0.97,0.72,0.78,1.2,Fresh,Telecom,2015,3,8597,Neutral,0,212.3,-8.2,2.34,51.45,162.3,148.4,132.2
Wonderla Holidays,WONDERLA,125,151,20.8,270,3.28,3.0,2.87,4.04,Fresh,Entertainment,2014,5,6950,Neutral,28.4,212.3,38.4,0.12,45.34,168.3,178.4,195.2
Snowman Logistics,SNOWMAN,47,75,59.57,197,51.94,74.55,57.63,19.11,OFS+Fresh,Logistics,2014,8,7600,Neutral,0,212.3,-8.2,0.45,44.34,82.3,72.4,62.2
Sharda Cropchem,SHARDACROP,156,182,16.67,351,3.34,4.25,2.88,3.0,OFS+Fresh,Agrochemicals,2014,9,7850,Neutral,18.4,1012.3,98.4,0.12,66.45,195.3,205.4,218.2
Pennar Engineered Building,PEBS,178,182,2.25,130,1.93,1.86,1.72,2.24,Fresh,Steel,2014,9,7850,Neutral,12.4,812.3,28.4,0.34,67.78,175.3,168.4,158.2
Just Dial,JUSTDIAL,530,590,11.32,919,12.28,17.21,11.95,7.76,OFS+Fresh,Internet,2013,6,5842,Neutral,38.4,312.3,78.2,0.0,25.34,680.3,750.4,890.2
Repco Home Finance,REPCO,172,210,22.09,270,36.63,67.32,33.21,9.22,Fresh,Housing Finance,2013,3,5842,Neutral,18.4,512.3,89.2,4.23,68.45,248.3,278.4,320.2
LIC Housing Finance,LICHSGFIN,1120,1100,-1.79,2400,1.41,1.38,1.24,1.58,OFS,Housing Finance,2022,5,16612,Bearish,18.4,16012.3,2398.2,6.23,45.34,1020.4,980.3,920.2
Life Insurance Corp,LICI,949,872,-8.11,21008,2.95,2.83,2.32,1.99,OFS,Insurance,2022,5,16612,Bearish,38.4,389012.3,4012.3,0.0,96.5,812.4,780.3,720.2
Delhivery,DELHIVERY,487,493,1.23,5235,1.63,2.08,1.31,1.17,Fresh,Logistics,2022,5,16612,Bearish,0,6120.3,-1008.2,0.23,21.34,420.4,385.3,350.2
Rainbow Childrens Medicare,RAINBOW,542,625,15.31,1581,25.41,47.52,22.67,7.45,OFS+Fresh,Healthcare,2022,5,16612,Bearish,42.3,1012.3,128.4,0.56,51.34,680.4,720.3,780.2
Campus Activewear,CAMPUS,292,370,26.71,1400,51.75,91.76,56.82,11.01,OFS+Fresh,Footwear,2022,4,17671,Neutral,38.4,1312.3,120.2,0.34,55.78,420.3,395.4,368.2
Ethos,ETHOSLTD,878,839,-4.44,472,3.0,4.66,2.65,1.66,OFS+Fresh,Luxury Retail,2022,5,16612,Bearish,52.3,1312.3,52.4,0.12,52.34,798.4,820.3,895.2
Aether Industries,AETHER,642,715,11.37,808,6.39,9.32,5.82,4.0,OFS+Fresh,Specialty Chemicals,2022,5,16612,Bearish,28.4,812.3,148.2,0.23,62.34,780.4,820.3,895.2
Venus Pipes,VENUSPIPES,326,340,4.29,165,8.0,13.4,7.52,4.06,Fresh,Steel,2022,5,16612,Bearish,14.2,512.3,48.2,0.34,74.45,362.3,380.4,398.2
Paradeep Phosphates,PARADEEP,42,42,0.0,1502,1.71,1.9,1.46,1.66,OFS+Fresh,Fertilizers,2022,5,16612,Bearish,8.4,3812.3,148.2,0.89,51.34,40.3,42.4,45.2
Prudent Corporate Advisory,PRUDENT,630,694,10.16,538,17.45,28.67,14.32,7.91,OFS+Fresh,Financial Services,2022,5,16612,Bearish,28.4,412.3,68.2,0.12,37.34,720.3,748.4,780.2
Harsha Engineers,HARSHA,330,474,43.64,755,74.7,134.49,82.05,21.99,OFS+Fresh,Auto Components,2022,9,17094,Neutral,18.4,1312.3,98.2,0.34,57.34,512.4,548.3,598.2
Tamilnad Mercantile Bank,TMB,510,510,0.0,832,2.02,2.47,1.61,2.02,OFS+Fresh,Banking,2022,9,17094,Neutral,8.4,3812.3,489.2,5.67,73.34,485.3,498.4,512.2
Syrma SGS Technology,SYRMA,220,238,8.18,840,33.03,57.42,31.32,12.71,OFS+Fresh,Electronics,2022,8,17759,Neutral,18.4,2012.3,68.2,0.45,42.45,268.3,285.4,312.2
DCX Systems,DCXINDIA,207,334,61.35,500,69.18,115.7,83.5,25.52,OFS+Fresh,Defence Electronics,2022,11,18145,Neutral,22.4,1012.3,48.2,0.67,71.45,368.4,395.3,420.2
Global Health Medanta,MEDANTA,336,401,19.35,2206,9.35,14.23,8.87,5.19,OFS+Fresh,Healthcare,2022,11,18145,Neutral,28.4,5812.3,248.4,0.56,39.34,448.4,480.3,520.2
Landmark Cars,LANDMARK,506,481,-4.94,552,3.14,4.52,2.78,2.13,OFS+Fresh,Auto Dealership,2022,12,18105,Neutral,18.4,4012.3,78.2,0.78,56.45,458.3,435.4,412.2
Sula Vineyards,SULA,357,357,0.0,960,2.33,2.89,1.97,2.17,OFS+Fresh,Beverages,2022,12,18105,Neutral,28.4,512.3,78.4,0.34,50.34,340.3,352.4,368.2
Kaynes Technology,KAYNES,587,901,53.49,858,46.93,71.36,51.72,22.14,OFS+Fresh,Electronics,2022,11,18145,Neutral,38.4,812.3,68.2,0.23,62.45,1020.4,1180.3,1480.2
Five Star Business Finance,FIVESTAR,474,470,-0.84,1593,1.59,2.04,1.34,1.43,OFS,NBFC,2022,11,18145,Neutral,28.4,1012.3,298.4,4.23,84.34,448.3,462.4,480.2
Electronics Mart India,EMIL,59,80,35.59,500,74.78,133.29,83.42,29.64,Fresh,Electronics Retail,2022,10,17786,Neutral,18.4,6812.3,128.4,0.45,46.34,95.4,105.3,115.2
Bikaji Foods,BIKAJI,300,322,7.33,881,26.67,38.04,26.38,15.92,OFS+Fresh,FMCG,2022,11,18145,Neutral,38.4,1312.3,98.2,0.12,55.34,345.3,368.4,398.2
Archean Chemical,ARCHEAN,407,538,32.19,1462,9.52,17.01,8.54,4.08,OFS+Fresh,Chemicals,2022,11,18145,Neutral,22.4,812.3,248.2,0.34,65.45,598.4,620.3,648.2
Fusion Micro Finance,FUSION,368,368,0.0,1104,2.4,3.52,1.98,1.7,OFS+Fresh,Microfinance,2022,11,18145,Neutral,18.4,1512.3,248.4,3.45,74.34,348.3,335.4,312.2
Tracxn Technologies,TRACXN,80,76,-5.0,309,1.97,2.03,1.79,2.13,OFS,Market Intelligence,2022,10,17786,Neutral,0,112.3,-28.2,0.12,24.45,72.3,68.4,62.2
Dreamfolks Services,DREAMFOLKS,326,426,30.67,562,56.68,88.52,62.3,28.78,OFS+Fresh,Travel Services,2022,8,17759,Neutral,52.3,312.3,68.2,0.0,43.34,462.3,498.4,548.2
Veranda Learning,VERANDAL,137,125,-8.76,200,1.81,1.55,1.63,2.15,Fresh,EdTech,2022,3,17027,Bearish,0,212.3,-28.4,0.34,60.45,112.3,98.4,85.2
Delhivery,DELHIVERY,487,493,1.23,5235,1.63,2.08,1.31,1.17,Fresh,Logistics,2022,5,16612,Bearish,0,6120.3,-1008.2,0.23,21.34,420.4,385.3,350.2
Adani Wilmar,AWL,230,227,-1.3,3600,17.37,35.12,14.56,5.67,Fresh,FMCG,2022,2,17396,Bearish,32.4,44812.3,812.4,0.78,87.94,298.3,320.4,548.2
AGS Transact Technologies,AGSTRA,175,148,-15.43,680,0.48,0.34,0.37,0.72,Fresh,Fintech,2022,1,17339,Bearish,18.4,1512.3,128.2,0.56,59.34,138.3,125.4,108.2
Medplus Health Services,MEDPLUS,796,855,7.41,1398,52.59,94.17,54.32,16.46,Fresh,Pharmacy,2021,12,16985,Bullish,28.4,6812.3,148.2,0.34,48.34,920.4,980.3,1050.2
HP Adhesives,HPADHESIVES,274,436,59.12,126,107.93,179.38,159.22,18.82,OFS+Fresh,Chemicals,2021,12,16985,Bullish,18.4,512.3,48.2,0.23,56.34,498.4,462.3,420.2
Data Patterns India,DATAPATTNS,585,856,46.32,588,119.07,184.6,193.19,18.45,OFS+Fresh,Defence Electronics,2021,12,16985,Bullish,42.3,412.3,78.4,0.0,72.34,980.4,1120.3,1380.2
Anand Rathi Wealth,ANANDRATHI,550,570,3.64,660,33.17,53.02,37.66,12.08,OFS+Fresh,Wealth Management,2021,12,16985,Bullish,28.4,512.3,128.2,0.0,49.34,598.3,620.4,680.2
Metro Brands,METROBRAND,500,558,11.6,1367,3.64,4.86,3.21,3.12,OFS+Fresh,Footwear,2021,12,16985,Bullish,38.4,1312.3,178.2,0.12,73.45,598.4,620.3,680.2
CMS Info Systems,CMSINFO,216,229,6.02,1100,1.57,1.99,1.34,1.42,OFS,Cash Management,2021,12,16985,Bullish,18.4,1512.3,189.4,0.34,67.34,245.3,258.4,278.2
Rategain Travel Tech,RATEGAIN,425,378,-11.06,1336,17.45,25.68,16.32,9.12,OFS+Fresh,Travel Tech,2021,12,16985,Bullish,0,512.3,-128.2,0.12,26.45,348.3,380.4,420.2
Star Health Insurance,STARHEAL,900,845,-6.11,7249,0.79,0.98,0.67,0.72,OFS+Fresh,Insurance,2021,12,16985,Bullish,28.4,9812.3,468.2,0.0,58.34,780.3,720.4,680.2
Tega Industries,TEGA,453,754,66.45,619,219.01,350.27,412.11,38.29,OFS+Fresh,Mining Equipment,2021,12,16985,Bullish,38.4,812.3,128.2,0.34,56.78,820.4,880.3,980.2
Shriram Properties,SHRIRAMPPS,118,101,-14.41,600,4.97,7.89,4.21,2.56,OFS+Fresh,Real Estate,2021,12,16985,Bullish,0,1812.3,-128.4,2.34,46.34,92.3,85.4,78.2
MapmyIndia,MAPMYINDIA,1033,1581,53.05,1040,154.81,238.42,272.97,26.36,OFS+Fresh,Mapping Tech,2021,12,16985,Bullish,78.4,212.3,78.2,0.0,48.34,1780.4,2120.3,2580.2
Go Fashion India,GOCOLORS,690,1310,89.86,1014,135.46,205.42,238.64,19.5,OFS+Fresh,Fashion,2021,11,17929,Bullish,62.3,512.3,78.2,0.12,66.34,1450.4,1620.3,1850.2
Sigachi Industries,SIGACHI,163,603,269.94,125,101.85,125.51,159.0,35.86,Fresh,Pharma Excipients,2021,11,17929,Bullish,28.4,212.3,28.4,0.0,73.45,680.4,580.3,480.2
Latent View Analytics,LTVIEW,197,512,159.9,600,326.49,588.58,768.52,31.52,OFS+Fresh,Data Analytics,2021,11,17929,Bullish,52.3,312.3,98.4,0.0,52.34,598.4,548.3,498.2
Fino Payments Bank,FINOPB,577,548,-5.03,1200,2.05,2.46,1.78,1.89,OFS+Fresh,Payments Bank,2021,11,17929,Bullish,8.4,812.3,-28.2,0.12,20.45,498.3,462.4,420.2
SJS Enterprises,SJS,542,545,0.55,800,26.43,49.8,24.17,9.11,OFS,Auto Aesthetics,2021,11,17929,Bullish,28.4,412.3,68.2,0.23,44.34,562.3,580.4,598.2
Tarsons Products,TARSONS,662,1009,52.42,1024,88.38,134.2,108.54,26.74,OFS+Fresh,Lab Consumables,2021,11,17929,Bullish,42.3,312.3,78.4,0.12,72.45,1120.4,1050.3,980.2
One97 Communications,PAYTM,2150,1955,-9.07,18300,1.89,2.79,1.76,1.47,Fresh,Fintech,2021,11,17929,Bullish,0,3186.8,-1701.0,0.08,65.34,1560.4,1350.2,920.5
Sapphire Foods,SAPPHIRE,1180,1204,2.03,2073,3.52,5.12,2.89,2.34,OFS,QSR,2021,11,17929,Bullish,0,1512.3,-128.2,1.23,53.34,1150.3,1120.4,1080.2
Nuvoco Vistas Corp,NUVOCO,570,487,-14.56,5000,1.71,1.98,1.47,1.67,OFS+Fresh,Cement,2021,8,16450,Bullish,18.4,8812.3,98.2,1.45,54.34,448.3,420.4,398.2
Sansera Engineering,SANSERA,744,802,7.8,1283,11.47,22.1,9.85,5.17,OFS,Auto Components,2021,9,17711,Bullish,18.4,1612.3,128.2,0.56,52.34,862.3,898.4,948.2
Paras Defence,PARASDEFE,175,469,168.0,171,304.26,909.79,923.81,112.65,OFS+Fresh,Defence,2021,10,17532,Bullish,42.3,212.3,28.4,0.12,56.34,520.4,480.3,420.2
Ami Organics,AMIORG,610,903,48.03,570,64.54,100.14,72.85,22.32,OFS+Fresh,Specialty Chemicals,2021,9,17711,Bullish,28.4,512.3,98.4,0.34,64.45,980.4,1050.3,1120.2
Vijaya Diagnostic Centre,VIJAYA,531,545,2.64,1895,4.55,6.89,3.95,2.89,OFS,Diagnostics,2021,9,17711,Bullish,38.4,712.3,128.2,0.12,72.34,578.3,595.4,620.2
Supriya Lifescience,SUPRIYA,274,401,46.35,200,71.49,105.3,88.46,23.86,Fresh,Pharma,2021,12,16985,Bullish,32.4,312.3,98.4,0.0,74.45,448.4,420.3,390.2
Shyam Metalics,SHYAMMETL,306,378,23.53,909,121.43,186.25,151.89,16.37,OFS+Fresh,Steel,2021,6,15799,Bullish,12.4,5812.3,598.4,0.56,77.34,420.4,398.3,368.2
Krishna Institute of Medical,KIMS,825,1009,22.3,2144,43.94,72.31,46.88,14.55,OFS+Fresh,Healthcare,2021,6,15799,Bullish,38.4,1512.3,128.2,0.34,52.34,1120.4,1180.3,1250.2
Dodla Dairy,DODLA,428,497,16.12,520,44.37,77.56,45.21,15.08,OFS+Fresh,Dairy,2021,6,15799,Bullish,18.4,1812.3,78.2,0.34,57.78,548.4,568.3,598.2
Gland Pharma,GLAND,1500,1710,14.0,6480,2.16,2.9,1.83,1.68,OFS+Fresh,Pharma,2020,11,12925,Bearish,28.4,2312.3,648.2,0.12,58.34,2120.4,2380.3,2650.2
Equitas SFB,EQUITASBNK,33,33,0.0,518,1.98,2.95,1.74,1.57,OFS+Fresh,Banking,2020,10,11767,Bearish,18.3,1412.3,121.4,5.67,73.23,34.2,37.4,42.3
Likhitha Infra,LIKHITHA,120,198,65.0,61,79.0,107.29,169.89,19.53,Fresh,Infrastructure,2020,10,11767,Bearish,18.4,382.3,48.2,0.34,73.45,215.3,185.4,162.2
